<?xml version="1.0" encoding="UTF-8"?>
<!DOCTYPE hibernate-configuration PUBLIC
	"-//Hibernate/Hibernate Configuration DTD 3.0//EN"
	"http://www.hibernate.org/dtd/hibernate-configuration-3.0.dtd">
	
	<hibernate-configuration>
		<session-factory>
			<property name="connection.driver_class">com.mysql.cj.jdbc.Driver</property>
			<property name="connection.username">root</property>
			<property name="connection.password">root</property>
			<property name="connection.url">jdbc:mysql://localhost:3306/cdac</property>
			<property name="hibernate.dialect">org.hibernate.dialect.MySQLDialect</property>
			<property name="hdm2dd/auto">validate</property>
			<property name="show_sql">true</property>
			<mapping class="com.entity.User"></mapping> 
		</session-factory>
	</hibernate-configuration>